{
    "train": {
        "box_loss": 0.98347,
        "cls_loss": 3.36365,
        "dfl_loss": 1.1449
    },
    "metrics": {
        "precision(B)": 0.4845903747068868,
        "recall(B)": 0.05722700463267477,
        "mAP50(B)": 0.15225276981367694,
        "mAP50-95(B)": 0.1216211045030836
    },
    "val": {
        "box_loss": 0.82739,
        "cls_loss": 3.33572,
        "dfl_loss": 1.03552
    },
    "lr": {
        "pg0": 0.00023546808510638298,
        "pg1": 0.00023546808510638298,
        "pg2": 0.00023546808510638298
    },
    "model": {
        "parameters": 2591790,
        "GFLOPs": 6.45,
        "speed_PyTorch(ms)": 117.904
    },
    "step": 0
}
